"","SP","m1.loo","m2.loo","m1.params","m2.params","mod","m1.sd_q","m2.sd_q1","m2.sd_q2","m1.sd_r1","m1.sd_r2","m2.sd_r1","m2.sd_r2","prop.sd.m1.rvc","prop.sd.m1.reef","prop.sd.m2.rvc","prop.sd.m2.reef","years.rvc","years.reef","rvc.b0","reef.b0","rvc.var.hab","reef.var.hab","reef.var.site","reef.var.dmy","reef.var.diver","rvc.b.depth","reef.b.depth","reef.b.btime","reef.b.vis","reef.b.curr","rvc.b.cont","reef.b.cont","rvc.b.isol","reef.b.isol","rvc.b.rubb","reef.b.hubb","rvc.b.sg","reef.b.sg","b.expert.reef","V41"
"1","Blue Angelfish",-27.7876912487732,-21.7665513411296,4.98006582587161,4.22446594415837,"model2",0.175287748785013,0.23578691899993,0.240874264901536,0.333638278671296,0.413264125491652,0.265608414968461,0.329279580515732,0.341741412317206,0.295218642486964,0.466563024036043,0.416920449594909,23,26,0.0785631999427532,0.0400183618904546,1.34382654536372,0,0.559959910580917,2.04858765495083,0.566346193671836,0.503965036158974,0.456674886302181,0.22393947397706,-0.0308402323190444,-0.00812348991779855,0.500580090537755,0,1.07862076582985,0,-1.68699664373728,0,0.276194574351898,0,0,-0.315796615342391
"2","French Angelfish",6.3056822488328,8.57391042264876,6.86964575296805,6.94120725433749,"model2",0.0464487209563574,0.0820879668991274,0.0529846969871447,0.338758139603952,0.115588913228989,0.293576823663238,0.111179230351852,0.117795695807096,0.284726892481752,0.21325510446737,0.321076589343255,23,26,0.229275242838468,0.871404743380282,0.14370612304734,0,0.303088677331723,0.705201488508626,0.247927614888859,0.139268088902431,-0.0435619739957871,0.216693482028957,0.0556195532774019,0.0051871165788721,0.199773363182966,0,0.123249318970406,0,-0.600193890885855,0,0.298323897282243,0,0,0.0354245959480065
"3","Gray Angelfish",4.32843625748792,12.6958546030701,6.73422883586336,5.58702120299455,"model2",0.0889362857859931,0.0698212131200089,0.109948479340743,0.348588462526838,0.112433406874601,0.268036827682852,0.0944191090076617,0.201919015404178,0.436829014292254,0.201262342471919,0.535567288859353,23,26,0.455120716674502,1.32282058865412,1.3232762558768,0.652580110981686,1.0915072207543,0.866188876970828,0.407212973525924,0.162961751151595,0.192194713528607,0.198548464880356,0.0123811655332841,0.0490460081506586,0.700987897210225,0.259040160007504,1.07332199798075,1.06867895038928,-1.82863779778059,-0.660832199239892,0.10736509666186,-0.58401932582233,-0.58401932582233,-0.113846930204472
"4","Queen Angelfish",9.54817231481027,18.8833098047804,5.48986761389032,5.163425643737,"model2",0.0886804502369956,0.126040411040441,0.113171019619318,0.25892238289201,0.11846445685901,0.189062321461839,0.095845489375168,0.255723490670516,0.426849210632486,0.391477314831534,0.538744645931063,23,26,0.190917175655463,0.960180103083982,1.62971894214113,0,0.816949102344388,0.827718919829152,0.250361231441555,0.269772929274861,0.16396749205085,0.192205801829252,0.0958759899844648,0.00894181687326259,0.691540534290458,0,0.853182317820067,0,-2.05462332545499,0,0.619389447521922,0,0,-0.109331863751488
"5","Rock Beauty",-2.27763895562238,24.2049792490767,5.2359108171203,3.19063483300143,"model2",0.159028701595226,0.179143158457305,0.170184360830639,0.415659306464914,0.112061465056584,0.116138278907978,0.0947290877423315,0.274860737878569,0.580988406160862,0.608938483222577,0.642279843800549,23,26,0.295957746252285,1.38711241462537,0.32938793692976,0.547989026929449,2.09024990028448,0.489811389104665,0.67485767718889,0.513911410452218,0.284106491823794,0.199594283885146,0.0976080410530068,0.0427213712223564,0.470453430190373,0.0749318880042201,-0.279110994892663,-0.876825939817975,-0.752704926696973,0.414887489541359,0.590509825280643,0.556128963549795,0.556128963549795,-0.15278905705151
"6","Great Barracuda",-17.3036543689236,10.5016594556217,5.36235509970552,4.38429186522579,"model2",0.136643591182511,0.250293699884039,0.238743078927988,0.459761277048991,0.217562851268596,0.222013505539991,0.0970839822167724,0.225447313088744,0.382712378710555,0.523969161187822,0.706270871379614,23,26,0.219363313998202,1.13606831178544,0.174814975098104,0.0467064738334542,1.63043003501761,1.37394221102285,0.600135888117486,-0.455923298858751,-0.361980129540829,0.195785545244037,0.103312976774726,-0.0374004890416729,-0.342195925683113,-0.0566686883626495,-0.138329633223899,-0.081543817264825,-0.179519693669286,-0.0108993676658095,0.684093862420551,0.205593708991824,0.205593708991824,-0.0295534011587345
"7","Saddled Blenny",-120.4999180768,-120.986221571855,20.922233581054,20.7459394084102,"model1",0.447362295734802,0.979463154143558,0.436262061283981,11.4508895595085,0.470420837594322,11.0782776516679,0.477079463417816,0.0370574095612795,0.478527438910794,0.079487567585792,0.472761824745527,23,26,0.0478701669172619,0.064926032945025,0.0638041418010514,0,0.766669476501944,0.845202335688032,1.38512690095687,-0.407135625034805,-0.220942706512712,0.31447794566134,0.0939970565679078,-0.0611674513265068,0.182757988203576,0,-0.31391455832133,0,0.00664998436626525,0,0.150977639877513,0,0,-0.807246579749273
"8","Scrawled Cowfish",-67.6283880585739,-68.5571184555395,17.1287201606912,17.6825771284674,"model1",0.288003671221309,0.258244280856039,1.06970511882325,2.90371177326603,0.994685111875607,2.91051713967164,0.911627358025687,0.0876847093922246,0.207479401662738,0.0816623059567162,0.531926745515984,23,1,0.034147064022912,NA,6.52933944732156e-13,0,0.246562356366169,1.19445510868267,0.193171954422132,0.302672219111694,0.19809446474144,0.163970422895848,0.0545679231734276,-0.0493708483418066,-3.33019874610823e-12,0,9.26803998364822e-13,0,-2.03111464399261e-12,0,4.43448381199798e-12,0,0,-0.216477688743897
"9","Smooth Trunkfish",9.83357210129577,6.86330541065463,8.10073883069706,7.95967074671825,"model1",0.0513218109953311,0.0576191190080643,0.0257387995229964,0.360531950537112,0.0958352089764095,0.367229560158658,0.10374256709735,0.122723036123916,0.339918491481119,0.141506002825615,0.190308998188423,23,26,0.143165980654796,0.735365610509054,0.158698540841256,0.0308492171800672,0.464860231061577,0.452192599209655,0.325006514071228,0.135068878028028,0.214144675286939,0.284955692603365,0.00466539977616344,-0.0144671248653623,0.0267851040704533,0.021038969357953,-0.0896913584473504,-0.116227217993108,-0.470676830443039,-0.0279199997974473,0.560751100812715,0.173143760381616,0.173143760381616,-0.156210197833997
"10","Spotted Trunkfish",-65.9543041645372,-66.3579345338129,16.1343595373639,15.9058289332007,"model1",0.167565568346134,0.556483061660188,0.164362887706509,5.3010504367419,0.126978882921162,5.20097992835942,0.129242292901381,0.0301245417676813,0.566146260557188,0.0946904199778945,0.555473863382602,23,26,0.0193740046792039,0.148101633520216,0.257115618492766,0,0.104500718017826,0.794221782761021,0.212750633830108,-0.028684356768351,-0.0158646763114404,0.184431600287962,-0.00314925646317207,-0.0328563579960209,-0.373467574444749,0,0.187680108358703,0,-0.372111314487801,0,0.637287815923226,0,0,-0.0205099755226448
"11","Banded Butterflyfish",-7.7390375981707,9.30997693171016,6.43853734130137,5.60894292047096,"model2",0.159095022597576,0.323992037378423,0.202151717087515,0.405586852057728,0.14751725581834,0.221247047299146,0.0919275723347499,0.281369380664534,0.51784140138378,0.593090207847296,0.692389634315805,23,26,0.155186582464485,0.491521815663746,0.178982552920122,0.238495630535484,0.974886614500295,0.631024889316652,0.348301110606255,0.151346037749203,-0.00455337965043,0.226261182417097,0.0570974251732269,-0.0111125853936275,0.270440139089548,0.233075593970921,-0.694538108055991,-0.303228213494988,0.217542960608582,-0.244679200391561,0.233656995976881,0.61789897476471,0.61789897476471,-0.0603796400616892
"12","Foureye Butterflyfish",17.6204758883731,24.8664880200535,5.13182965139725,4.80218024075705,"model2",0.108861465417857,0.16955652295302,0.123427237734535,0.257092675007569,0.0822702634137197,0.180034051175536,0.0663698637780302,0.296546026483811,0.566958894911914,0.484158779186177,0.650018570250982,23,26,0.348733091203492,1.67524909929234,0.479185664636194,0.524165789383912,2.60934422510545,0.403567537412582,0.693812135536168,0.31776153687515,0.063683834567676,0.231482108500104,0.0340037001592343,0.00960944312052192,0.0546822813652574,0.284571149100706,0.146526714755481,-0.86448218533303,-1.01560784546921,0.00498442991997814,0.849900500619642,0.621835155400715,0.621835155400715,-0.0804726454816815
"13","Reef Butterflyfish",-46.3585701847747,-28.2656114254677,6.54955174650158,5.62450022385256,"model2",0.100211361804388,0.209204123232019,0.217180075458571,0.458605358156969,0.675811665228,0.29400664920793,0.404759223874711,0.172696514960692,0.128138889616362,0.409686933701565,0.34727402529674,23,26,0.177519329496327,0.372206013341184,0.41051607186826,0,1.49037559324934,1.22613071142015,0.670628153397556,0.762828676873015,0.952433036244506,0.113317353885769,0.0367809128065522,-0.0625496796366539,0.531527546552957,0,0.0837791712250488,0,-0.987296245276943,0,0.419218888015807,0,0,-0.514287277753538
"14","Spotfin Butterflyfish",28.2933887984376,27.1776206168812,5.58879212487222,5.44253904145225,"model1",0.103142726291054,0.0489195805935032,0.09627290583527,0.22911846318632,0.057496458097879,0.216849550494286,0.0641723063894841,0.306004087971091,0.644249851706965,0.17643352329281,0.599330701523094,23,26,0.391096032533361,1.41061624609467,0.125106277111177,0.046115124333965,0.547209899537621,0.593363358819149,1.02580566903225,0.367848935134899,0.237150853868677,0.249274639866378,0.0615495178452619,0.0407105668920796,0.259101071390651,0.0446548989824657,0.0316055346791632,-0.18623945268612,-0.551430970285368,-0.0397252447951798,0.276967624780933,0.164737145909865,0.164737145909865,-0.22492665054241
"15","Blue Chromis",-23.5717152409024,-20.2575537345713,5.68216129642151,3.8041230331218,"model2",0.232382727944494,0.270895450083829,0.232881628805663,0.39468303811018,0.278682570604775,0.344859712751255,0.26106171892721,0.371610581865906,0.451344555002977,0.436745861303665,0.466357934396234,23,26,0.66982140298779,4.04851423493721,0.844761916159285,2.25626916160044,2.95684011483595,0.430648750769286,1.24762882426778,0.6647913163663,0.337385446734085,0.170398988591269,0.102124462590888,-0.0680845216422216,0.403723148355456,0.386296430924587,-0.578938545270353,-2.05855812839913,-1.01441504802654,1.18759227632277,1.25652569129848,0.807591804163431,0.807591804163431,-0.101894093168636
"16","Brown Chromis",-7.62883004389534,-7.05806854794294,5.3120044592611,6.67971545995879,"model2",0.342884758735435,0.216428912576043,0.352095380759441,0.436403741870681,0.110443043682791,0.470657402916185,0.0805086847153481,0.438374683906773,0.763120618962304,0.312934726660155,0.815783553471185,23,26,1.56625326481963,6.31958772999516,0.88507428384221,1.68343061238973,2.52486886171364,0.827050876291715,1.35305289130388,-0.0660671079502563,-0.210101634987819,0.210387824457182,0.12044257815904,0.0218004767032741,0.124251453890166,0.514370381608992,-0.944266526792012,-1.7666734816037,-0.580946657351203,0.839388298376016,1.45567236572354,0.829468754479063,0.829468754479063,-0.513263104679973
"17","Purple Reeffish",-123.790341613259,-122.893769758236,13.4503319524492,12.9812256725209,"model2",0.16712474947162,1.0194465276526,0.166984541622006,15.0289233094263,0.594200641528886,13.9894881288426,0.5925828079536,0.0109029438021281,0.220183574115827,0.0667701247455564,0.218616740388962,23,26,0.085969659778936,0.103276322115461,0.0467479052981789,0,0.965476262699952,1.98666302871118,1.32118163771253,1.21029579309497,0.740468512319756,0.172642311357682,0.118362991095175,-0.0141247555383273,-0.190426937574885,0,0.0562915759910599,0,-0.0525489706611699,0,0.202952062029258,0,0,-1.04772757021852
"18","Beaugregory",-27.9175694782579,-14.0413423139332,5.37602819410208,5.25078124093834,"model2",0.0765608786621196,0.0765835903540238,0.235653738443079,0.377308150679975,0.406745853712923,0.315387578113356,0.224352927206389,0.161182516081166,0.160091569121289,0.189779917478466,0.504921748785802,23,26,0.251795686412573,0.472253095699036,0.136097738447757,0,0.142783757167683,0.170645008648729,2.25190033725187,-0.38860858798551,-0.0407862443843067,0.218767690851723,0.0303564084740436,-0.0247206886640391,0.0799715631465185,0,0.315730277492529,0,-0.580225109078297,0,0.20370689043303,0,0,-0.594757047445814
"19","Bicolor Damselfish",-5.25178868700892,10.298751693077,7.10033327254947,6.93505548807861,"model2",0.100857059832452,0.159654554751081,0.217188361013958,0.210403657680177,0.254301466873017,0.142566414754724,0.133874359173091,0.322588897075295,0.284441540666976,0.526981003753568,0.620936348661275,23,26,19.4118144161944,29.2088454980908,0.20443223844523,0.632590755695038,0.63296495130615,0.215763591085353,2.56998263295575,0.177188266043871,0.117890084730049,0.336847996907928,0.21099784075603,-0.0504204276584972,0.258178460226538,0.0505716336711614,-0.726703916160636,-1.21791962105882,0.0124735210367604,0.410210051336096,0.461979085210035,0.649394866240838,0.649394866240838,-0.322087526570076
"20","Dusky Damselfish",-33.0825577930288,-6.55286944757926,4.94650914760549,4.19740057621053,"model2",0.170701612528303,0.20308580142281,0.303093038216056,0.391519410550408,0.430425925885101,0.223084799405093,0.193102767182001,0.298671063453085,0.283248541407307,0.468931283872386,0.609169401042302,23,26,0.222640467554054,0.977951063238292,0.665546168407435,0,0.389385979495891,0.382672324858834,2.12995758014753,-1.0732391792768,-0.342498011993873,0.255484748072972,0.0564836364334678,0.0299606993496612,-0.0924936877783186,0,-0.461932902217744,0,-0.741274441760393,0,1.33212038185374,0,0,-0.39719312511726
"21","Longfin Damselfish",-41.4658459766093,-38.9868522096028,5.31867010307092,4.63514093429514,"model2",0.193655160636771,0.221019762514554,0.254583825195499,0.679932361339214,0.38701338723686,0.641206626881656,0.342994897354825,0.22202812042327,0.328972703991642,0.253487814490493,0.417502909203214,23,26,0.0685551544177703,0.418931930930698,0.750279187628665,0.2020685734248,1.04115940897411,0.638694980504635,2.2164556204623,-0.802983394683421,-0.25460410524492,0.294439243689111,0.00408554350202724,-0.0127012574914008,0.0551443642370896,0.23949040629608,-0.399838421014126,-0.35210255398347,-0.867673400699196,0.00538826821846702,1.31216430396387,0.678509372185704,0.678509372185704,-0.915442564625278
"22","Sergeant Major",-10.3111886102797,-10.4734203773056,6.07076740364006,6.329551453354,"model1",0.0296179621724912,0.0857933172061248,0.0550767570078687,0.311897719788694,0.251573140948376,0.290315236554131,0.240694008773575,0.0866899938715828,0.103853952635512,0.227919247186095,0.181563681875584,23,26,2.52543541700035,19.9817217771735,0.442272631456715,2.35744937240247e-10,2.93735967812515,0.880264212344673,1.30326036610591,-1.45889183030562,-0.510739458313618,0.282463457001745,0.132871049102959,0.0329423596836442,-0.409411113732621,5.85691674808078e-12,-0.321591312985808,-6.93958670155083e-10,-0.397784143889404,-9.3265064061024e-11,1.14231656945725,8.00250199411826e-10,8.00250199411826e-10,-0.227925619276627
"23","Threespot Damselfish",-24.0608181619083,-3.24765612814872,6.91127564094465,4.43801351490245,"model2",0.17197513900171,0.271546558480415,0.285750918939608,0.449729767911275,0.269034529357987,0.287964132240246,0.12688800574889,0.277014557349647,0.384412306275362,0.478818113897564,0.696806237042054,23,26,0.46667356978477,2.11974964908329,0.544402624308126,0,1.36384699816985,0.417559452067816,2.21057984519957,-0.421256266322594,0.0688498936538891,0.400270864612608,0.0322165344382813,-0.0178548626572022,-0.118707982407317,0,0.492232932453276,0,-1.08952402926901,0,0.756459949035289,0,0,-1.21148225610757
"24","Yellowtail Damselfish",-3.10801216346782,0.422092265005792,5.67059973578163,5.24505381013622,"model2",0.0956116006269468,0.206941818881781,0.0970105224365,0.372308917855414,0.143484459452248,0.274795299206384,0.139800191440669,0.204958703120308,0.397239691887456,0.42256452546909,0.402471663137186,23,26,0.144443767659415,2.06110389414114,1.84295619935787,1.55877684132166,2.46536301506645,0.353638708825673,1.91244790018916,-1.30573216506716,-0.541916942775861,0.308646135511158,0.102140179398176,0.0569052357131416,-0.176211074038183,0.509839126873323,-1.16389358263647,-1.6345014777489,-0.857888717857457,-0.0222567255848616,2.25026429070829,1.33097973684493,1.33097973684493,-0.407139027967728
"25",NA,NA,NA,NA,NA,NA,NA,NA,NA,NA,NA,NA,NA,NA,NA,NA,NA,NA,NA,NA,NA,NA,NA,NA,NA,NA,NA,NA,NA,NA,NA,NA,NA,NA,NA,NA,NA,NA,NA,NA,NA
"26","Reef Croaker",-160.07341868309,-159.459378827472,20.1276983790323,18.6410603917482,"model2",1.322891026157,0.390397136311583,0.808579338952728,6.47693780736643,3.42068770210139,6.77053191354555,3.74374225920248,0.167850900483866,0.275288366822051,0.0539286574416459,0.175936231921559,23,26,0.0123838479990121,0.0210420908963045,0.75778605015387,0,1.39964504467559,4.45624367944953,0.550633371030842,-0.729515815678741,-0.0876321915313682,0.375583975608666,0.0165278807130796,0.208739050368375,-0.943502627305362,0,0.467110335708986,0,-0.284130485469284,0,0.973851843834065,0,0,-1.17474070032339
"27","Spotted Moray",-88.1449949202698,-86.080852506938,9.06312732827872,8.42221335127081,"model2",0.59978901667224,1.40858570415997,1.06656403006324,8.28872866194118,1.07458941622414,7.39555548503553,0.903158510152152,0.0670512787931742,0.328959977405739,0.15755901308394,0.561347294904005,23,1,0.0192455854876428,NA,0.300568812559693,0,5.35594699727811e-09,6.8558836368079,0.0603770450303081,0.220188825121514,0.271195527391114,0.131188594995885,-0.146209218675396,-0.0115952891181464,-0.0899063092845474,0,0.798522334949889,0,-0.139288998517656,0,-0.482824982136947,0,0,0.0999315418179335
"28","Orangespotted Filefish",-85.5640274855448,-84.5954159063264,21.17828611909,19.7412997860042,"model2",0.207039389570242,0.423978693982662,0.201162102126194,3.83354912577477,0.320286625847285,3.80479268338098,0.322891552636851,0.0512699194026081,0.386511592905779,0.0991920094379948,0.378400135454618,23,26,0.0136210036726873,0.0944524095058979,0.594589784348318,0.255732935499638,0.561531742803702,0.80155657358097,0.563790547369731,-0.63798318691654,-0.281616601544799,0.340843297527572,0.0592146615153706,0.0028934412924227,0.121274301274753,-0.0120424378797702,-0.815501958933264,-0.211294857602923,-0.232668982953503,0.0942427628457531,1.07644806032267,1.01341596933887,1.01341596933887,-0.307571663057723
"29","Scrawled Filefish",5.55299631244404,18.94271978884,7.82507072790049,4.52334663634927,"model2",0.208321769242173,0.524246251963607,0.207326108943662,0.560893089343273,0.051074269431515,0.172342257149301,0.0540106894041619,0.269885491924471,0.80715550943674,0.760904207301005,0.796851500056013,23,26,0.0752639798305157,0.352670703468039,0.50906202915737,0.185635700603657,0.644267785599349,1.05543403247017,0.179295233155063,0.164747140263785,-0.00657278213276569,0.182212569327355,0.0624867994769615,0.00645312347994011,0.192005578721266,0.280485373810558,-0.772559758527826,-0.339278906556966,-0.361004702163205,-0.0846958029427925,1.01728197227011,0.552823522381653,0.552823522381653,-0.199552132269827
"30",NA,NA,NA,NA,NA,NA,NA,NA,NA,NA,NA,NA,NA,NA,NA,NA,NA,NA,NA,NA,NA,NA,NA,NA,NA,NA,NA,NA,NA,NA,NA,NA,NA,NA,NA,NA,NA,NA,NA,NA,NA
"31","Spotted Goatfish",-30.4756568335224,-11.4336280493118,8.3179305977623,4.72357586680651,"model2",0.259132527835321,0.32648481354458,0.295427319411883,0.602230836543537,0.225615518497505,0.275569982083884,0.169674135401721,0.299655959805493,0.532494935627319,0.538573788368749,0.636399184356279,23,26,0.395137469554834,1.66492075604657,0.0857540350569597,0.0238121922743272,0.651994044938459,0.637149957208185,0.908366493838953,0.421386189540228,0.356758916233837,0.313731754979395,0.0145837031500511,-0.0185521602994445,0.320857625713788,-0.0642949669299733,0.00626905731071342,-0.0574283108043292,-0.426700616763926,0.0318459148659584,0.113917689760846,0.130050488148448,0.130050488148448,-0.426675565533279
"32","Yellow Goatfish",-23.7517767514678,4.80423944209923,6.62080727204452,4.00872476678351,"model2",0.278995114546142,0.318042052996909,0.29953177897307,0.744376007888411,0.131684266757145,0.270925057470983,0.0830502872027822,0.270475841734766,0.68244842354393,0.533524203385178,0.786546396896681,23,26,0.36458875653673,2.29291386926778,1.17991341182892,0.836316502618561,3.56855533826195,1.05337168114646,1.30539118267059,-0.454375578784637,-0.109311248237555,0.302533497783123,0.050840976203922,-0.0129657445424504,-0.442068702856506,0.051307076498318,-0.451716002933487,-0.719747092895591,-0.739206022625455,-0.0546843615265543,1.78783700048551,1.23827399809104,1.23827399809104,-0.48036676077106
"33","Colon Goby",-102.02035908475,-99.1198642122588,11.5474584390313,10.7184328837035,"model2",0.324313680089155,1.40353807684749,0.359330763412107,6.65405011445522,0.505153306449045,5.63477472041854,0.480779759902785,0.0458107985676872,0.388818452220397,0.194211894136235,0.424851922393412,23,26,0.0723145497437216,0.201919573286972,6.98090406636245e-14,0,0.188108499673726,0.781985121345102,1.8995492108004,-0.164454837621974,0.0223905383471355,0.391760193632046,0.0671686290554706,0.0905575157578018,1.14269262152136e-13,0,-3.46133927746587e-13,0,-4.85360254205188e-13,0,7.1722519809835e-13,0,0,-1.33872102380184
"34","Goldspot Goby",-92.060335181247,-94.402357797037,18.2874812613736,19.2821855486538,"model1",0.42262278914181,0.718149670181302,0.41166798383999,3.29792820370308,0.463158051682538,3.12054501068855,0.474080767754765,0.112893822272841,0.474366703798204,0.182682229647588,0.461766033194055,23,26,0.161611976931369,0.930429685690961,0.0459401307349981,0,0.210719420269677,0.760904562471037,2.0237545981616,0.175936429061076,0.242345862608474,0.410822668303789,0.111255868134369,0.00257529642750238,0.203916801214292,0,-0.265059157381089,0,-0.0568178916289373,0,0.133491191379924,0,0,-1.57938167233937
"35","Neon Goby",-33.502556418168,-28.2795604931179,6.46671579731462,6.13544887678978,"model2",0.0976325574761631,0.164569540527859,0.141773704956644,0.619888080761454,0.315796087175004,0.484988999754744,0.28016120145327,0.133616757894057,0.235868063258206,0.24878229043241,0.33123354259381,23,26,0.13769369682546,1.38181110667365,0.67694312414538,0.118333922279214,0.923150635179878,0.787654729375563,0.813644972843133,-0.155793886359614,0.138722285165646,0.414247735745297,0.0605519728804362,0.098514445048883,-0.08802350328268,0.263996513842475,0.837201309524864,0.336514217091679,-1.18755165346527,-0.073037354587991,0.512268564582678,-0.243695415517517,-0.243695415517517,-0.933144112041934
"36","Black Grouper",-14.7845326808069,-11.7684631752056,6.55525652613028,6.30039665907305,"model2",0.228168372559972,0.128039926495986,0.253477606648159,0.471662342179468,0.158076521878565,0.467144306052291,0.129115728221978,0.323999463633085,0.591081888745944,0.210696736151947,0.664377618260792,23,26,0.118370711857272,0.621223795630229,0.545577514099941,0,0.691376329644237,1.29539864043119,0.493939112079507,0.141448471906369,0.0905924162187719,0.216978430745457,0.125431098138638,0.0514803085429851,-0.00677754188263433,0,0.307848044763712,0,-1.06173793896318,0,0.825329127154413,0,0,-0.38030150580688
"37","Coney",-106.74894488603,-106.38489776854,15.2150549497753,14.6055748246285,"model2",0.61281624097992,1.53697152366653,0.615295218019162,14.3733590236769,0.233061014519641,12.9626495699069,0.223972658828351,0.0406028947250279,0.733508756178601,0.102795287896841,0.735952151997652,23,26,0.0185389104250797,0.0512784592487132,1.19494049057388,0,1.1318316930356,1.70366190064,0.354790182079838,0.699039140984644,0.413835271425008,0.169690689269012,0.0542824666298995,0.024733110300912,0.730606804628929,0,-0.927078108830433,0,-0.813559206728153,0,1.24289106683727,0,0,-0.306126387582336
"38","Graysby",-13.615043477191,-10.0820574605521,7.80081284882764,7.84366957930377,"model2",0.121663645142388,0.164967160316582,0.132702104960841,0.45084524126963,0.173064221972094,0.361921360555335,0.162614758563973,0.212506396868095,0.412781540399427,0.309480721839359,0.447671822982992,23,26,0.196052141448196,0.936474586382565,0.733309228111754,0.548060469585226,1.6143594389058,0.405599055944834,1.23403799728907,0.403770780332228,0.294962299368578,0.345324687079244,0.138741416720631,0.0586357978645212,0.521058018099252,0.0737010420667695,-0.0896000198793783,-0.88213409369041,-1.30522738494634,0.32598521211189,0.894602703698455,0.676758802346949,0.676758802346949,-0.849900339134818
"39",NA,NA,NA,NA,NA,NA,NA,NA,NA,NA,NA,NA,NA,NA,NA,NA,NA,NA,NA,NA,NA,NA,NA,NA,NA,NA,NA,NA,NA,NA,NA,NA,NA,NA,NA,NA,NA,NA,NA,NA,NA
"40","Bluestriped Grunt",-10.8737563788003,6.61853928086043,6.25931435969898,4.15475750599449,"model2",0.042837473579328,0.099146803307394,0.181071964603186,0.273864608536772,0.282349143285178,0.206975161917742,0.133148807270857,0.136430160516941,0.128197700039164,0.323986903885563,0.573266158701482,23,26,2.40594190310144,15.0529051535611,0.792730159265074,0,3.38471762729304,1.02307399313228,1.47645152118332,-0.766449596999106,-0.16973676475729,0.258544668955915,0.0383136192081643,0.0192134712268327,-0.198596063172121,0,0.584463121883582,0,-1.31391221121632,0,0.961097175957741,0,0,-0.261260686670988
"41","Caesar Grunt",-33.3033609052202,-15.6665920222354,6.41621866743058,5.91051733096816,"model2",0.143126558523311,0.340172647924309,0.231551494028542,0.618126815341349,0.301322662373045,0.333082625410876,0.212924487254753,0.185392229400255,0.321501006599125,0.50308085603177,0.516410547148508,23,26,0.200620234750367,1.1366791593278,0.87175011379009,0.20389036347072,2.04312911930664,0.598731256808816,2.16992751566072,-1.16023042861665,-0.283025910257014,0.257025403955285,0.0690091347874059,-0.00679827590649331,-0.318703003944054,0.175646199813001,-0.58402384400534,-0.267817904934443,-0.5884911693751,-0.122349168930626,1.5675594156666,0.582469680280225,0.582469680280225,-0.620717229860366
"42",NA,NA,NA,NA,NA,NA,NA,NA,NA,NA,NA,NA,NA,NA,NA,NA,NA,NA,NA,NA,NA,NA,NA,NA,NA,NA,NA,NA,NA,NA,NA,NA,NA,NA,NA,NA,NA,NA,NA,NA,NA
"43","French Grunt",-5.94589818384333,19.5575230640381,6.71339465033409,4.57418742435056,"model2",0.0283419755225378,0.0507828583661803,0.226309645545412,0.208767467681603,0.296269445453658,0.194381858572334,0.0716537032748843,0.118989716495481,0.085827490505627,0.2028054295847,0.7641427307663,23,26,2.96541441487281,10.9058074858655,0.336052971036167,0.175743664829994,1.82001104646842,0.72522479571129,1.5743418710413,-0.396184737262496,0.000436337923689204,0.266115321797685,0.0944273085262158,0.00900146059744794,0.00800863317134207,0.214214322128991,-0.0296825808456478,-0.394523256421173,-0.786625456823298,-0.129579231818127,0.822885718293583,0.313025576248341,0.313025576248341,-0.411555295652507
"44","Black Margate",-76.5877631048386,-68.513057788505,22.1666456133842,18.8951521316462,"model2",0.228557525853827,0.750314072885524,0.266742359002219,3.70709158460257,0.223056176462668,3.27057929151317,0.193269089322365,0.056640388786849,0.506205152534831,0.18764187324017,0.577856344509158,23,26,0.0586433200487506,0.775733993478548,0.791313336910608,0.0665238217729166,0.942186534051082,0.819128467674321,0.846273869696767,-0.132415878665514,-0.0579829252859812,0.24336205309071,0.0431017611454385,0.0815778788286587,-0.115201770121066,0.0695405353688723,-0.101564125153861,-0.114663535669709,-0.990847799471156,-0.0779133124423234,1.31390124150103,0.33238215719569,0.33238215719569,-0.305843210468399
"45","White Margate",-94.9472488790472,-93.0000293149402,12.4385582600279,12.0780021743519,"model2",0.431386348246194,1.26769693046147,0.422587186721812,7.3907277931456,0.285323162604954,6.46894384406007,0.293164400422392,0.0540330710379414,0.600037274397429,0.161973717435943,0.587801294901347,23,26,0.0755862136672623,0.142048731707426,4.94316336872488e-19,0,0.209574228366748,1.21249387271897,0.983245440605505,0.42663979575963,0.0181466448027626,0.236494990844165,0.0872813887897066,0.0194367438431742,-1.03416570293365e-18,0,-1.2778829495029e-19,0,-1.0594750789772e-18,0,2.22142040265749e-18,0,0,-0.129294308157075
"46","Porkfish",35.1615256342651,32.8958689031863,7.27813394038966,8.2750340824127,"model1",0.123568473494996,0.0403703750384007,0.123588937249712,0.237473749342767,0.0339912451821243,0.260729215512593,0.0318457035094586,0.340745257351972,0.788436254044178,0.131263575478604,0.801163031899984,23,26,0.678810025920825,3.10844704897149,0.557305842973633,0.156442541014901,1.63196496757513,0.690731642781469,1.0220737822662,-0.121300723381491,0.0903269237196853,0.284598508531098,0.064835937993972,0.0543330747717816,0.123532332143473,0.163095093407855,0.641636873789522,0.347400253617066,-1.19970610271247,-0.265992765823617,0.468442139928676,-0.246888651432585,-0.246888651432585,-0.153246534375341
"47","Sailors Choice",-32.5813573579062,-28.3821273545279,3.94118794770285,3.70109656108941,"model2",0.091195594314265,0.193583439987352,0.131732859229297,0.534637032560258,0.360553141742556,0.445879734469288,0.332365651974595,0.143203554307758,0.200874328161185,0.295451242703945,0.278357085537785,23,26,0.256230716204624,0.902254977108354,0.332298751846146,0,1.08121105188485,0.726852295189072,1.4390687493869,-0.6109791255544,-0.0977372295565247,0.15219259552791,0.0393043808315644,0.00278882472663984,0.0760351889515509,0,-0.137360664576858,0,-0.658255870876798,0,0.788308559920473,0,0,-0.224997676743634
"48","Smallmouth Grunt",-33.1966519737072,-20.8584963526494,6.38731248357099,5.38162594550537,"model2",0.169350998053811,0.0899653416795265,0.257296792016866,0.631277230907861,0.274001010376092,0.508612506334361,0.191826359494359,0.208613482270804,0.380828662507194,0.1471366135015,0.567382480257123,23,26,1.05931055997521,3.55910624756356,0.900432589814646,0.263544382053553,3.67694982435952,0.837649675150796,1.73003114060429,-0.904236573702764,-0.350354594378577,0.25112629801158,0.118959779848641,0.044966091601913,-0.754994207949096,0.0143463335996618,-0.414540912847896,-0.325402969936781,-0.313302910611185,0.0506856509793324,1.57495763556971,0.621307645408269,0.621307645408269,-0.585061217096315
"49","Spanish Grunt",-11.4150330896697,-7.63362105241132,7.63264735286762,7.53691096296256,"model2",0.129700425053412,0.10047623693767,0.145030186477255,0.519924272135618,0.137278588432608,0.457288342590493,0.123094704568551,0.198625603050585,0.485585342053306,0.17891421130307,0.538379994684214,23,26,0.0759521690774699,0.720346415681499,0.707351931958226,0.642017481183386,1.72678285094999,0.72161392547792,1.08528594359336,-0.878264133253619,-0.212010625745217,0.256252149773509,0.0476732786270668,0.0714325707638815,-0.54103379013117,0.642714312248384,-0.393828128950522,-0.741785388406588,-0.394733304049183,-0.326143750989879,1.40918486191363,0.799924299953461,0.799924299953461,-0.20479173142234
"50","Tomtate",-34.6148422695468,-23.4156868414254,7.06659393653949,6.46350683904806,"model2",0.239051959943164,0.166621422445049,0.350177053712487,0.562549375538836,0.308907535892311,0.502073276769094,0.179174247265245,0.296193096059714,0.436946512786896,0.247510374478555,0.664212180530164,23,26,8.92804632753576,3.27959635790052,0.0986532468913562,0,3.42973893018103,1.70238323862874,0.970603120148873,-0.255235208422791,0.11168292479432,0.220886009966823,-0.0178151154992216,-0.030737028342915,-0.0886852661167233,0,0.487743947996215,0,-0.0765016758565778,0,-0.303784604220512,0,0,-0.498776484812153
"51","Barred Hamlet (Caribbean)",-97.2134042934621,-94.3542369723361,18.7765871433455,18.9065858383504,"model2",0.407010073582881,0.753214622227441,0.435080718720894,6.89813315158772,0.303874838092636,6.38547581816843,0.272108168304729,0.0549334719503313,0.572066369416336,0.104484031355535,0.613489043426574,23,26,0.0599331389290361,0.111272007671398,0.0960600539356318,0,1.23290871251337,1.49952081357495,0.350328839699734,0.479914464148352,0.31167817993762,0.181683849499387,-0.0141281580427434,-0.0380409828011482,-0.094937482757898,0,0.41704643766023,0,-0.297218342410441,0,0.00200566179940229,0,0,-0.298132830116355
"52","Black Hamlet",-173.236256869656,-171.228128996515,10.5317031214847,10.357267201689,"model2",0.489061893292507,0.595671518598772,1.91682404919357,5.41617954472642,9.44918553316308,5.2773050068621,7.98383013997943,0.0821008900529945,0.0485385984689687,0.100563046178161,0.19338349439002,23,26,0.026849556635358,0.0333025698468759,1.34440228489756e-21,0,1.08679757239102,2.00232834377496,0.2911893697862,0.476657331441056,0.283597889389566,0.161789932987339,-0.107422758943732,0.0318715062949844,-1.17648152079143e-21,0,3.48600567373052e-21,0,-3.58575135014125e-21,0,1.27617388646938e-21,0,0,-0.653774670016058
"53","Blue Hamlet",-91.5287341185165,-90.2438795080456,20.9795841877716,20.3090420007588,"model2",0.431795735473424,0.401933963424032,0.451840685778459,3.85705843222577,0.374313382410446,3.64517362073953,0.358409072727079,0.100093480552697,0.531968826960368,0.0976756652593694,0.550783558671693,23,26,0.087192844078712,0.15624347413536,0.0688888913255095,0,1.67890726408198,1.13589751205072,0.615937801891397,0.71331202346033,0.458208957824976,0.181677527581731,-0.0443552185567845,0.0669735557654816,0.00738934908055886,0,-0.180966374133176,0,-0.149287835124907,0,0.344200749551251,0,0,-0.775148955440438
"54","Butter Hamlet",-38.6691784785459,-26.6866787795141,6.50828680635376,6.57049352942752,"model2",0.141646350580916,0.1824686561169,0.315089265493497,0.597910100132459,0.388859988967639,0.465687100646758,0.244204192766871,0.191355094588005,0.264325055401076,0.274121418144795,0.562514240986404,23,26,0.1581730975171,0.602507038284678,2.12898715709347,0,0.966814732528767,1.517402899831,1.88909412535843,0.441205139593745,0.658447128478784,0.200960271730077,-0.113518076851653,0.0594358909767906,-0.500847181374159,0,-0.0207545757488495,0,-2.50868518759702,0,-0.210045805176902,0,0,-0.529842455082354
"55","Hogfish",13.580940756734,29.4556040656793,7.18156294169529,5.57583391036683,"model2",0.102547742931509,0.228764041172167,0.0943300452467711,0.329826278427711,0.0769752910378805,0.113288509361889,0.0814533051194,0.237360333576584,0.564987699859215,0.676545210815805,0.536253610237831,23,26,0.709771249002075,1.44470430472162,0.451605166777636,0.200480891471472,0.379387214511223,0.591172731796706,0.651143481987243,0.198465268191434,0.260249348638353,0.301008769817962,-0.017509972149245,0.0283396842819429,0.484594321449772,-0.0107068576339986,0.705691635848942,0.585250148280844,-0.983354112019147,-0.139951498045548,-0.187422252857042,-0.464318069940456,-0.464318069940456,-0.130038851192027
"56","Spanish Hogfish",5.57627584559104,18.3280558137316,5.39785669657485,5.22356075168883,"model2",0.039005119589463,0.10387402462723,0.0418418515079821,0.285021332524862,0.14318751894898,0.14972054096722,0.134198239394929,0.122248275817222,0.209903375766539,0.401638031977676,0.233121477712267,23,26,0.210162008929892,1.35826450977085,0.513808479983806,0.296264974309032,1.11521630238554,0.446777193391008,1.34085496098811,0.332676235447512,0.038700624920705,0.269598494978228,0.0911184690659783,0.0342283184031517,0.264750130853596,0.238136035158448,-0.0851161987929514,-0.541718158503306,-1.01879843223275,-0.234622749660018,0.8803257839683,0.564851047491503,0.564851047491503,-0.54800492243774
"57","Bar Jack",-8.26773320021497,1.42766050578604,6.01760522576706,4.21311827340171,"model2",0.135571129529812,0.113132600070559,0.238953372283299,0.253244001002329,0.2418246869395,0.242153069860626,0.141827322050093,0.348990101350234,0.359584137998323,0.313884197603675,0.625914679671837,23,26,2.6239203413957,7.03880400947706,0.0902263637957355,0,0.251884507507881,1.16374837958496,0.93019604145489,-0.137496888207774,-0.11444095482335,0.102278494207039,0.0114211308487613,-0.000508020449902635,-0.0348724890223333,0,0.111634630505512,0,-0.430168110810816,0,0.36397069925795,0,0,-0.331878732511824
"58","Blue Runner",-161.281806717146,-160.974696306663,17.1998784150073,17.462498878575,"model2",0.595788038106444,0.762792585048996,0.971492703270529,3.18045772573617,8.02488081117784,2.99733971120694,7.75715515759975,0.155206881712167,0.0687241715318493,0.195933847418337,0.109204504210973,23,26,0.463463832091788,0.000359398258961043,0.0442226311767737,0,0.215792180970082,54.3950392087552,1.24724577388086,0.389811451588591,0.415325445703419,0.0341025746695406,-0.0116313951706583,0.164034303718404,-0.0785722809271057,0,0.246504050827201,0,-0.00538596016152799,0,-0.144381527549755,0,0,-0.0216071711657805
"59","Yellow Jack",-41.2305026756318,-33.5838848471698,5.81669287339697,5.15116586746251,"model2",0.0914561231386336,0.165966180514566,0.250233758041247,0.546785853475717,0.480596593294792,0.468277693286234,0.356475727594981,0.140824398927916,0.160304438249955,0.256612925726868,0.408166084280716,23,26,0.441174364836612,0.0148703515453089,0.00195272345429902,0,0,12.8635269754358,1.23888743654131,0.069924738716538,0.125111090529215,0.248482716089574,-0.0828214841641803,-0.0240622388038876,0.0129144452276551,0,0.0138009812448988,0,0.00200837024656502,0,-0.0282516446023864,0,0,-1.05790523336845
"60","Cero",-85.2701621507526,-84.9293726215784,20.671822557605,19.7156878671977,"model2",0.0618150993034031,0.415675909430975,0.0663705815743778,2.82886405039622,0.469794164912135,2.74831121111639,0.473197479398791,0.0212500928820875,0.113919809250435,0.127925103129193,0.121063584522024,23,26,0.0734387209334191,0.00336525048832669,0.0183805333377378,0,0,16.3755955463692,0.524935435326743,0.523856905992673,0.433213001275769,0.198054017147556,0.0731915467658626,0.0211306501199236,-0.00587345693233081,0,-0.087614918660908,0,-0.0460319949532281,0,0.146707491105212,0,0,-0.674263072708799
"61","Blue Parrotfish",0.198757203267351,13.0299271586727,5.54081959038346,4.20667327384308,"model2",0.12692865580004,0.197524609952318,0.167426229562958,0.322184458848591,0.137142626386937,0.210947811587328,0.0928485601376449,0.280821706052097,0.47568719052374,0.480558391834862,0.642862485082028,23,26,0.167434929834413,0.78842599587246,1.90918846440398,0,0.419876902277689,1.14546855524116,0.531879113902313,0.113085368365878,0.144414369870404,0.173597056322798,-0.0674180528640524,0.0947922730407723,0.424536189612593,0,0.882374544711951,0,-2.15271958104906,0,1.00493821583713,0,0,-0.193604043315369
"62","Bluelip Parrotfish",-163.289030712672,-102.732827382407,8.23300050779183,5.46039796508331,"model2",1.20800342428318,4.83736155785619,4.21526087095797,5.67540341917086,6.04762813914061,1.17985989745774,0.723935957294516,0.173706939801321,0.166778519299574,0.810605767888043,0.858109501814742,23,26,0.173630783912444,0.0364579778124422,0.340553662570645,0,0.35207165393735,2.29340488764441,1.65278408341784,0.402167053100097,0.365350784148597,0.289131703020762,-0.0601482345837338,-0.115877478321793,0.121018519569904,0,-0.25966145503146,0,0.86477907851117,0,-0.691161644950137,0,0,-2.08760928215513
"63","Bucktooth Parrotfish",-117.812127457232,-117.112126103079,11.2295894490218,11.1572832177447,"model2",0.174032063971213,0.627472775166996,0.170384493524606,5.28701019573099,1.13603251681023,4.99789095961395,1.13042825027147,0.0311948293379084,0.130706640940887,0.111420241176291,0.128001819997552,23,26,0.220959897708098,0.000207794064695147,0.270871938433599,0,1.18686434241898,40.13610080225,2.44917358523122,-0.37428393175961,-0.227371810428231,0.172972978491233,-0.0409277049490741,0.200421737750603,0.165652841166344,0,-0.0378002088136838,0,0.657368750527728,0,-0.761257819844989,0,0,-1.63093097474538
"64","Greenblotch Parrotfish",-52.129421462811,-40.8876886222131,4.15080603239638,4.41827388943525,"model2",0.211892574022746,0.262362587422479,0.385221034489872,0.474610831279598,0.7858742248494,0.376988171273796,0.51991922676916,0.308329097158084,0.210537730341451,0.404666508298926,0.420787913592431,23,26,1.4302884683393,0.310281568202399,0.141133958532969,0,0.784432875093348,0.761152850008538,2.40245599923455,0.263431129304464,0.376741400223461,0.379712557014996,0.110133777518892,-0.133125437300724,0.12248142525878,0,-0.181831222143205,0,0.536157894567765,0,-0.468517164550243,0,0,-1.11510516178698
"65","Midnight Parrotfish",15.6075907753313,22.4782318852194,7.71189449883282,6.87083898203775,"model2",0.161597570552408,0.114642941478941,0.16315177656532,0.478595932340213,0.0373534370614998,0.346122124801914,0.0351601888933426,0.251385284308626,0.814264049355876,0.244667389930178,0.825629215436655,23,26,0.151303241394144,1.02932160259102,0.831313741604598,0,0.249917880324805,1.63891109488932,0.300081384577392,-0.534412205975623,-0.246836487307995,0.255381549876593,0.0715019847563409,0.027276076298788,0.057221933540143,0,0.417982829106893,0,-1.35752610276823,0,0.963729181376883,0,0,-0.219520742200585
"66","Princess Parrotfish",-23.1662429640152,-4.94679249563656,6.28831465904674,5.27257908584511,"model2",0.0396497895169862,0.414375314385806,0.0306514860731621,0.623384154691027,0.217443569705459,0.206925977226184,0.219663287571512,0.058183795883358,0.149066222746619,0.672230352265069,0.118320821966987,23,26,0.598112196315429,1.01505089762889,0.215208260918038,0.220583232193731,0.768908748239622,0.245949987419688,1.70465756710795,0.285490206071631,0.078185483953295,0.222408637408338,-0.0177232952485592,0.00253702897780803,-0.0607000330553855,0.0431453372875611,0.240760119919608,-0.47656368934841,-0.664071296908077,0.112262571152757,0.511814389914064,0.549850510124432,0.549850510124432,-0.426180630811017
"67","Queen Parrotfish",-18.8931139063098,-11.0683667201221,7.60780483066987,6.2812605318582,"model2",0.127821831915144,0.127302354134709,0.244397693337144,0.258536919927267,0.360519368169571,0.235456599726716,0.240821971072024,0.327432641399504,0.259129400243848,0.34898110730966,0.503269419905283,23,26,0.165296626347264,0.658553444085581,0.899337169861187,1.50893932922178,2.5309425055225,0.455478068251585,2.21241120395854,-0.497316543829333,-0.439238637112333,0.289986456095974,0.0429598477556254,0.00252842193909051,-0.134590861989952,0.856835694845914,-0.833626100325061,-1.50517781074559,-0.535531466102338,-0.0842359708548623,1.5585633911296,1.17188889804489,1.17188889804489,-0.635308845739494
"68","Rainbow Parrotfish",-17.5948658393415,-10.7551942425175,4.46175323884851,4.59930089960174,"model2",0.120651601538239,0.122402488725615,0.265982141930315,0.322960872407846,0.299812234787201,0.311909800636758,0.18712963817826,0.271269688018614,0.284034195134702,0.280680316133296,0.591610650315375,23,26,0.118254201483446,0.334846974351772,0.649395149847151,0,0.366226507584211,1.35090569319905,0.47535802852065,-0.352292897570261,-0.181330361274971,0.189606151205848,0.0193042500794172,0.0487192175324197,0.542119055272183,0,0.39227177751134,0,-1.28697601836343,0,0.421887485607839,0,0,0.0806086857050188
"69","Redband Parrotfish",-21.0549313079353,2.69169200052927,7.59556922334832,5.69808985959894,"model2",0.111834714695131,0.116508897493618,0.364265904888284,0.216281701981293,0.46413107679247,0.203523295654571,0.1253109572361,0.339209412837037,0.194476850274739,0.359392294707416,0.750109647188277,23,26,4.35131794737444,6.68155447385675,0.123983238382245,0.0216336103325449,0.118920840152928,0.281877464555516,3.90598847649186,0.000340286258006905,0.0678495034765945,0.246659816852696,0.0944039730604384,-0.00920672445882993,0.250901527133728,-0.0216793723207307,-0.0105583607489136,-0.113693573297416,-0.561433533921599,0.00843185493643136,0.326095327837574,0.143923008142018,0.143923008142018,-1.39496160484574
"70","Yellowtail (Redfin) Parrotfish",-18.4008118683678,-15.3154798577849,3.65533103076907,4.20400551483923,"model2",0.126978198548175,0.13870945426059,0.17067128937031,0.344359861820633,0.29139140809484,0.308488404990955,0.249400068764735,0.268242900224852,0.303152253635461,0.307233469867642,0.407085193979513,23,26,0.336731452036582,0.902986187058743,0.430935000332577,0.15515194609409,0.620399885025894,0.556761469470996,2.04422001414028,-0.584503697426319,-0.270211234567997,0.31943122430179,0.104754828403009,0.00312354366465631,0.300653496964712,0.0708618951980278,-0.176997847675075,-0.105430384287264,-0.917303841223952,-0.249785117432922,0.819374585593928,0.615140365641781,0.615140365641781,-1.03286787229436
"71","Redtail Parrotfish",-27.984613846999,-21.8728271676289,6.70644775834228,5.93200191342343,"model2",0.212455339057404,0.189758199059509,0.341887620860519,0.335198356522499,0.388449070733642,0.322753781291471,0.264133957418109,0.386688341081896,0.353640338321419,0.369178826249955,0.560148489562661,23,26,0.427545428770106,0.507696839756614,0.207171450656309,0,0.327075471252739,0.439128697339552,1.87575253299734,-0.136739501024995,-0.0635317394049597,0.287347159032669,0.0206019092871658,-0.0227320379150568,0.451131520944304,0,0.0760357570898231,0,-0.712305012644051,0,0.206259559840696,0,0,-0.739766810888415
"72","Stoplight Parrotfish",-8.74710244218455,12.815547267759,5.13067949335845,4.67412641770687,"model2",0.0701479404273249,0.113021420008301,0.185176382800092,0.302508901619318,0.232927073393143,0.202691378232061,0.10165928247,0.186726203139805,0.226153658549695,0.355964150975284,0.647195504234265,23,26,1.38267914607307,6.92083715725198,0.741994751764149,0.194002891740634,0.407217255179313,0.31109018080409,2.7192830348452,-0.474810877560234,-0.350274058952873,0.309298785588197,0.100875772481005,-0.028045548964229,0.366882061634466,0.108858363467752,0.145540585918444,-0.575297652447344,-1.39567062153578,-0.0433614884503788,0.897830436741063,0.448177071052656,0.448177071052656,-0.727458217273646
"73","Striped Parrotfish",-30.6816055446168,-2.14694204261751,9.05844571085221,5.3694350248581,"model2",0.0832870705652819,0.0903527373143161,0.373184641083612,0.214192131470433,0.695105324598102,0.20332834619435,0.179461054944192,0.27422628933305,0.108020944029189,0.30060852413847,0.676391670136137,23,26,5.80188176793073,4.24565258115641,0.587495365915216,0,0.358139395258825,0.585344170022203,4.63679401180412,-0.032650369486573,0.107762874830475,0.229821120608681,0.0525397007240206,-0.00115116373290143,0.200288441351075,0,0.591793057902913,0,-1.28700922510949,0,0.506576673187509,0,0,-1.15100445502523
"74","Saucereye Porgy",-33.8862360674049,-38.1688270121145,8.86841095408695,7.41067697096532,"model1",0.456690889359262,0.377477443751701,0.0802094170636189,0.370424270902675,0.38745386790573,0.378981236125513,0.505770066484045,0.554177387884821,0.542616822933937,0.49085965754861,0.136542630816143,23,26,0.17282589153988,0.166016332556391,1.74701615647455,0.240848464648304,1.04540403405753,1.42655515845423,0.729640917454108,0.399769644999857,0.327219808611704,0.310346649111803,-0.00183464045434704,-0.0490143255591088,0.81462277385395,0.18548694871683,1.16314654257085,0.987450354407833,-1.99789728335978,-0.0647688182067706,0.171170235653802,-0.139384643841465,-0.139384643841465,-0.520624370076183
"75","Balloonfish",-86.5706771924885,-55.9575962035217,13.4972723281434,8.77900303745467,"model2",0.393341388973759,5.74288465251174,0.394623536162341,8.01326431884349,0.181571876576921,1.08849166855863,0.182587814281096,0.0464083537481558,0.687439857158297,0.845344711271282,0.686909377052359,23,26,0.0169269178398474,0.0375913539508315,0.225603674768463,0,0.515152118201692,2.90011827616056,0.112949529822643,0.147081460082272,0.173813735522583,0.136537357752044,0.0532611219456789,0.052600352965148,-0.12502462371328,0,0.691688535635766,0,-0.222163177762093,0,-0.272864825533455,0,0,0.0283038085289931
"76","Sharpnose Puffer",-20.6053311933218,-6.23987556449432,5.95819285797177,5.38430304270391,"model2",0.0566885401228771,0.187730388317038,0.110118190633549,0.499821972183308,0.240392606496797,0.268912804922534,0.193138374816415,0.0998754031316962,0.189732952024737,0.40695762922304,0.356774665660117,23,26,0.534014953008199,1.93162041528902,0.201695067201006,0.178554241130355,0.227019232707796,0.491463693637062,2.96540442793333,0.4020490233325,0.550138678791115,0.390594146425283,0.0923843886837282,-0.00505223129916608,0.25620683854395,0.375708049126869,0.00714548283113459,-0.552896192304375,-0.702437542346121,0.145560434255663,0.451941694569638,0.19622557623708,0.19622557623708,-0.689270621864204
"77","Yellow Stingray",-104.641202265886,-100.661649607221,21.8818179712246,20.3932279861029,"model2",0.23532579933405,0.238505692137491,1.01587743420915,0.48600784422435,4.24945953310873,0.48267273335517,3.69352545894349,0.324430540855162,0.0518609181392589,0.323641677380849,0.213872343691539,23,26,0.058753671594709,0.104254782062101,0.111729256736715,0,0.98763920055321,2.54324702283423,0.0733815792176815,-0.0290842157209673,0.0239683855945942,0.171736396527951,-0.0372385259282655,0.0850440589159967,0.420431184729431,0,0.111288256117284,0,-0.131516023475149,0,-0.368527901278325,0,0,-0.0709803811126727
"78","Green Razorfish",-82.9585893485371,-78.0022216348177,20.5229587446454,19.878523041719,"model2",0.450140872185768,0.619423834604192,0.472771616160089,3.70991079678011,0.250497231721416,3.33960637449119,0.218839621864185,0.106143394913005,0.646984546815214,0.155550091822666,0.688437402801805,23,26,0.44795731466935,0.262170255827546,1.47250164943287,0,1.24251965333225,1.44141232433017,1.23221553698813,-0.254506462941937,-0.236737819750187,0.302491380991461,0.165201815306569,-0.0279450499345704,-0.0205509306999204,0,-0.688523805333465,0,1.96198266395408,0,-1.2299972376375,0,0,-1.32375265358629
"79","Harlequin Bass",-17.9479396133061,-1.508158700222,5.56352343930376,5.23514701268665,"model2",0.11927861697675,0.174865175566843,0.168905264006855,0.511760111328506,0.195557017402581,0.281338675017416,0.148327910320498,0.188049867236856,0.375929062001128,0.381081417720319,0.526388989119009,23,26,0.334237911725837,1.24294144014043,0.16011908970526,1.04568066488844,1.30303134833488,0.59425505783999,1.51339302740677,0.40396574942636,0.441208187363009,0.35656212938564,0.038927883860103,-0.00666245463057231,0.462452466383393,0.389391234659859,-0.37467958302069,-1.42412500590773,-0.37859975717686,0.491992031068576,0.307541569025804,0.799141783225275,0.799141783225275,-0.4744604766067
"80","Lantern Bass",-131.381398554088,-130.400256481832,15.0300590771736,15.0104173856353,"model2",0.366778603746304,1.00733052847186,0.417957543726444,16.0379017682387,0.659906994357828,15.1550314174205,0.618831569497035,0.021763105728841,0.358132597709254,0.0619160080596465,0.401496985527557,23,26,0.0637751820326773,0.0557578175776724,0.444380357289793,0,0.743658454634546,1.41885118415213,0.888306914931281,0.222613135338398,0.305287674538468,0.49383639187392,0.0914527603867673,0.0356172750949209,0.223228861849386,0,-0.488866060869947,0,0.980535314294387,0,-0.675728761460856,0,0,-1.3980646370373
"81","Tobaccofish",-122.681155353532,-121.674624014309,18.5987994833061,18.6594283676321,"model2",0.267824712007208,1.35930974589164,0.268211975938129,8.72361102541247,0.714780921445274,7.72686253390882,0.715970512181793,0.0295478263136176,0.270666104151452,0.145668710718746,0.269556191162137,23,26,0.0818811957966299,0.0766812775274643,0.120267266436973,0,1.92091184933594,2.27274966919176,1.15652758740336,0.783534632197739,0.604900297524815,0.0997027569881219,-0.0347560587713133,0.0187919508472531,0.0911198198341157,0,-0.264546598069393,0,-0.245404363847563,0,0.44982792954234,0,0,-0.629508377657446
"82","Nurse Shark",-94.7017297735461,-95.500339074733,13.2757072838098,13.0282200273999,"model1",0.498414457946921,1.227068880539,0.504423168784112,6.12427271248814,0.337635822555114,5.49914873023062,0.339526808190034,0.0747950342609191,0.592047070550488,0.183781579236187,0.591459395453301,23,26,0.0205163525986149,0.0557449777444897,0.103496651765937,0,0.613507986671432,2.99390437742454,0.109403153505876,-0.191321013982629,-0.156316692011522,0.179915453091302,0.107012162915495,0.0114897593422926,-0.27849922146226,0,0.0526250438481153,0,-0.110064913528876,0,0.377632221110643,0,0,0.0110581392488823
"83","Dog Snapper",-83.3193962487303,-83.9302094974547,14.7212724753114,14.3758340346229,"model1",0.26477103995296,0.398485661312223,0.254079540520398,5.29968180456444,0.241935634560921,5.34822304369513,0.252265512421085,0.047084786997276,0.517237236845989,0.0685698216589323,0.499758684221062,23,26,0.0183167687762335,0.129881895797574,0.957859889191897,0,1.09016679494671,1.56022594212735,0.501651865831817,-0.218613658994934,0.0246578045415851,0.232304890332058,0.109549590279717,0.000836490874510512,0.1075710683393,0,-0.344347608468064,0,-0.951250681436205,0,1.38363558556873,0,0,-0.337385126809784
"84","Gray Snapper",-11.8293740349515,-2.35182390164298,4.53592283045285,5.05096417303742,"model2",0.0902869054555254,0.140272106355423,0.159639874946677,0.338869393441416,0.240033826025625,0.250865687807719,0.176037942449905,0.2094893891895,0.271610345659384,0.353155930684827,0.475388462618098,23,26,1.57426663922713,4.45371385411782,0.958364592910135,0,2.30197861594672,1.05414714239517,1.5830956194832,-0.685133479778809,-0.246833833773281,0.226261860414679,0.0818692631595258,0.0150192545607192,-0.253420484631348,0,0.83328101988411,0,-1.41314432229005,0,0.893397972281629,0,0,-0.59967173966506
"85","Lane Snapper",-86.7077627820723,-85.4400026087831,13.8315104827209,13.9895159810504,"model2",0.454403935043613,0.481919003187385,0.474246539810504,5.24782844833549,0.265003879888966,5.2563014560037,0.243087091751804,0.0784859160628734,0.635009048346079,0.0827483256413931,0.667528971162091,23,26,0.186042662810167,0.365067240690385,0.403050749750698,0,2.13393101838757,1.86203554004937,0.712512023709808,-0.0954519803421498,0.183080276527084,0.226888034729583,0.0626065452343316,-0.0350808357829069,-0.427648191039807,0,0.931386298272431,0,-0.397588686178297,0,-0.00268113260359223,0,0,-0.530279233941265
"86","Mahogany Snapper",-17.8349604398024,-18.2096144296884,4.4864076337667,4.40612667262552,"model1",0.107046938869078,0.200431709164487,0.0788064125199112,0.467423595155294,0.220421929289465,0.404437022900721,0.230938951168977,0.185709232959553,0.321720882505472,0.328327505927679,0.253021654428824,23,26,0.135850068077595,1.59729248627095,1.01536255672043,0.161240774191483,2.43398029719943,0.86028053064421,1.42237643694636,-0.678694138583408,-0.102644516797902,0.33502268915759,0.063754357908066,0.0341107337896045,-0.639749531004968,0.126124679289992,-0.448460716922641,-0.256007877385448,-0.467514371836307,-0.0826110020569578,1.68079972060169,0.423899629261242,0.423899629261242,-0.31808216235388
"87","Mutton Snapper",-18.7874735211076,-9.74840130177369,7.27746380361416,6.14382749501815,"model2",0.0796742607141378,0.16060065921831,0.11482198814543,0.572065961020817,0.190037378536149,0.398908814220405,0.16278212505241,0.120534472949075,0.294252059796465,0.28623460537632,0.407439587942471,23,26,0.212540589594187,0.408203113199686,0.618624805166186,0.334499068500375,1.20686094506795,1.17778962251117,0.39905961332644,0.489918489523307,0.187049475315551,0.199696199502903,0.0331341704876219,-0.00160952327840971,0.592181124855445,0.253236532644553,0.468795354828324,0.952100966609791,-1.26515164579847,-0.403647352907872,0.255331599674788,-0.0592995329784987,-0.0592995329784987,-0.300864504860034
"88","Schoolmaster",1.47612957222027,15.3351803734142,5.01055356646513,4.19300868680695,"model2",0.216651168305687,0.160239672314981,0.229324775089714,0.356702625476169,0.0967772741103218,0.232450124005839,0.0725169664637744,0.373293985306952,0.696452346611385,0.405090021532125,0.763330886905955,23,26,0.394242637694705,5.12678836544966,1.37843067202461,3.49018367526236e-12,2.96065347329406,1.05447525341389,1.13548016515596,-0.989080258533045,-0.245181776354558,0.210646131204889,0.101694189068234,0.0949685365421234,-0.0574198566195927,-1.97044879151075e-13,0.317080180574254,-5.94419146931256e-12,-1.64382104593142,-3.87143244045039e-12,1.4831696923126,1.48679522745555e-11,1.48679522745555e-11,-0.466579098701766
"89","Yellowtail Snapper",-7.91481934842914,2.14531083703686,6.06753282708297,6.1248783253582,"model2",0.0416054626420877,0.0757270415855348,0.181152885461343,0.233944217128051,0.287802897877493,0.203458124973473,0.181235680313349,0.149065705351966,0.125143173454719,0.264733767996803,0.498539519260509,23,26,3.5836098217099,18.0523644746791,0.544043728473073,2.38360305686198e-09,0.851053456686936,0.71067630618563,1.20841582016633,-0.412324410576316,-0.221717732297894,0.252671562584277,0.109952458020998,0.0384414703969396,0.154837484423329,-5.33569632080264e-09,0.250848393829992,-9.22950138504437e-09,-1.18212784315413,8.73456427240263e-10,0.79277782153278,1.14349007822685e-08,1.14349007822685e-08,-0.368756354220783
"90","Longspine Squirrelfish",-89.905398352426,-91.8440487259787,19.5054809270636,20.7022751336876,"model1",0.350071471326681,0.324088420554614,0.352218595503202,3.79518292395143,0.387485701761715,3.72039323390894,0.381700175509988,0.0831777816378275,0.472002719978645,0.0789645008143192,0.478859918973557,23,26,0.0684043845019938,0.150527588263784,0.534455030323472,2.20905466382578,6.72289616441632,0.67667847153758,1.48280392350268,0.520064014750083,0.213291705020025,0.318019399954268,0.0235689626758259,0.0666699405292276,-0.320595818384905,0.685271127149411,-0.841155465417711,-1.36455922177416,0.354165386381816,0.550915132006991,0.929403543842061,1.48962214517387,1.48962214517387,-0.765253222442171
"91","Squirrelfish",-17.9898303049762,-21.7090556040034,6.13819720835778,5.63982705360177,"model1",0.195039196136937,0.0934056193185122,0.160167984419474,0.505532095989461,0.180959510322034,0.506156445969889,0.205076657972216,0.277307965635741,0.515486398832684,0.150848694876864,0.435943932157851,23,26,0.124575156645018,0.414592597324033,0.244003768017264,0.11395160756218,2.18854046731529,0.475904132771378,1.28067940858499,0.212490771052265,-0.125788531313922,0.176954537626803,0.0489569031128117,0.0831381989584694,0.0780034068128511,0.163756014976522,-0.584270861010413,-0.220862959742144,-0.13351323288405,0.0176040899744804,0.687260043451848,0.326441851065019,0.326441851065019,-0.107915167042584
"92","Blue Tang",22.0312828831157,40.7427973236375,5.43122079588189,4.50791836384242,"model2",0.0814221706684168,0.0854724061331506,0.105954811209889,0.218285576197514,0.0822343954273369,0.122183166119399,0.0544675358886185,0.271185431819367,0.494827117960412,0.407166800401987,0.658583425411288,23,26,2.85016541158109,9.94223112367426,0.2961126146538,0.126978605495244,0.0756234517226945,0.353709447501681,1.95028477737512,-0.142953520139562,-0.242364645814585,0.291586213006228,0.103197970823191,0.0138220194491631,0.420394244056047,0.179090523940804,-0.00745743471505087,-0.557446022454724,-0.870731836583281,0.08853967119496,0.467558165792661,0.23622606977537,0.23622606977537,-0.403454168976263
"93","Doctorfish",-11.5343336440727,1.57202608895591,4.56977131457436,4.78322721873272,"model2",0.122225572764129,0.0870972193673368,0.166517604515426,0.367069750373645,0.195379370326293,0.244169200617207,0.14970027380657,0.244986860239685,0.383140153690746,0.257394599836226,0.523927000362455,23,26,1.75636895136459,1.85100836337615,0.0238708812816855,0,0.0511240332611588,0.46549108543703,1.72464536122048,0.191777665192821,-0.018721718061592,0.213394241471473,0.0780861074771005,0.0171102147912492,0.210102449698941,0,0.0405900272648395,0,-0.172076703208741,0,-0.0729878960462728,0,0,-0.33276276258688
"94","Ocean Surgeonfish",-4.46626070242965,8.89676790819818,4.53632085524276,4.98045525989603,"model2",0.0655652895684602,0.136706565998159,0.0950992252134252,0.328400420554661,0.186162384686602,0.179307465895338,0.151671535373714,0.164813773142275,0.25708420955887,0.427766372068161,0.382880292706932,23,26,3.72122543221645,7.56655100930672,0.0529085264623372,0.224868871335943,0.141268496304379,0.248682472038721,2.84955871678636,-0.0574373221610689,-0.0491979233134899,0.310311125250104,0.107763968227776,-0.0118719816939724,0.278480426290254,0.194173083649219,-0.330000422601794,-0.738264139692666,-0.0621772306297811,0.24691287266715,0.118120180015835,0.280701507487099,0.280701507487099,-0.60864667007329
"95",NA,NA,NA,NA,NA,NA,NA,NA,NA,NA,NA,NA,NA,NA,NA,NA,NA,NA,NA,NA,NA,NA,NA,NA,NA,NA,NA,NA,NA,NA,NA,NA,NA,NA,NA,NA,NA,NA,NA,NA,NA
"96","Bluehead",-11.5818065824425,17.8568713522139,8.84037389537142,4.14893246431611,"model2",0.128309028792195,0.14278691983047,0.361642585148216,0.123414362552941,0.481779835105583,0.109585387683098,0.111382115564557,0.504702980870922,0.210793425887174,0.561919485019095,0.76850065187728,23,26,16.1079441697614,31.4107206811494,0.164856670464133,0.138459481535613,0.122385350705544,0.414621151329139,2.96549775077411,-0.0317561293262687,0.0443600438730224,0.250939898361871,0.131279111213999,-0.0180295531502583,0.237378930875344,0.0237172685258115,-0.568312731593122,-0.537110485541557,-0.160861735537892,0.0851056997828439,0.49648288049893,0.337312730547453,0.337312730547453,-1.03674714425451
"97",NA,NA,NA,NA,NA,NA,NA,NA,NA,NA,NA,NA,NA,NA,NA,NA,NA,NA,NA,NA,NA,NA,NA,NA,NA,NA,NA,NA,NA,NA,NA,NA,NA,NA,NA,NA,NA,NA,NA,NA,NA
"98","Creole Wrasse",-44.5463987211553,-40.9894236636976,5.64849497584162,5.32303954216364,"model2",0.128462671459414,0.197081588041092,0.170510998192294,0.562490177871301,0.523738208058799,0.48532105281191,0.477155269026681,0.182441916287244,0.193885221461505,0.288207405759186,0.259796825892362,23,26,1.46894690776334,3.36142605870333,0.465852757623435,1.55101076717326,2.3813557702456,1.43585669890179,1.24884906075261,0.566951835291942,0.244713046085856,0.208635929999167,0.0134256670495535,0.0360740864050027,-0.225484936900363,0.356896961767517,-0.489718004095692,-1.44235040547817,-0.332213154798751,1.04361036566063,1.11599937871315,0.914177570980933,0.914177570980933,-1.01390145182391
"99","Puddingwife",-26.854186034166,-14.5648240967804,5.8858032715526,6.6031497868282,"model2",0.103498421889065,0.181559369479842,0.228449584218496,0.339144724294573,0.408664476731226,0.239200983109316,0.274178447457027,0.233639119697559,0.200664722733262,0.427014283461465,0.44853012079082,23,26,0.284826131660853,0.883898489667064,0.140564566066979,0.0724344436314087,1.22048922558046,0.650713181794497,2.93020327305428,-1.03045859891236,-0.266038985942958,0.473109075233312,0.0956681737034254,-0.0168683486273683,0.130092471867401,-0.0255043136900431,-0.500838696479458,-0.0967623883138406,-0.128913132421908,-0.041566452796544,0.508400910749793,0.384205510768722,0.384205510768722,-1.01998969911859
"100","Slippery Dick",-18.2663667997458,-8.69133410748189,4.96769524339741,5.64064456060267,"model2",0.1701686799137,0.182502393388917,0.25535227072476,0.358584433906416,0.259347679473295,0.277617268377213,0.174462242886377,0.321224456262557,0.394132268534344,0.390767630976191,0.594122496298668,23,26,5.00625073537611,3.66545275223475,0.213725417163919,0,0.398380988992045,0.533760872896271,3.46600440898896,-0.454554779454003,-0.0854322141773301,0.302615983964559,0.0785785089257419,-0.00340725610158929,0.0909127342049072,0,-0.337612577606635,0,0.715989609103213,0,-0.465516983103666,0,0,-0.968248128560706
"101","Yellowhead Wrasse",-12.7291722960912,18.1520189120642,4.96193190102534,4.36825799896076,"model2",0.0779431039002365,0.10552121398098,0.275584324696847,0.201160724262411,0.384940501149031,0.161797279926671,0.089195017164958,0.2753641798504,0.166308235640551,0.382539441869126,0.75799590831983,23,26,2.00581205418864,5.062803182818,0.38413997009924,0.347894995774656,0.706181273353062,0.232004322072352,3.06519557922777,0.302000068436829,0.22987216809464,0.222196348174653,0.088284400471027,0.00718086423303068,0.628261397198499,0.155337171329028,-0.428707349812347,-0.806542749779865,-0.765947252470749,0.227896954660688,0.578280746748074,0.501760876956976,0.501760876956976,-0.688562049476324
"102","Yellowhead Jawfish",-120.202065755935,-94.2735318668831,14.3794564758565,9.98328696855005,"model2",0.31363658011667,13.1168141094907,0.308189860626415,16.1636304795771,0.442308330323914,1.52808185092922,0.448622091596715,0.0190678568265486,0.409242509459077,0.901039912261255,0.40267353322012,23,26,0.123795262851941,0.225863566781075,0.157848378697003,0.442396311662905,1.49876291525277,1.27780690348055,0.620165159654994,0.473586515669254,0.288722332840167,0.48857865407718,0.209188943868122,0.0301248175086137,0.365656575884585,0.237817584361504,-0.506814524700261,-0.564594620426685,0.335760431198273,0.461782508077203,-0.154175550179998,0.869948377228856,0.869948377228856,-0.842897482931435
"103","Sharksucker",-166.165030029839,-148.434711315429,13.326212973717,12.9663186295098,"model2",3.86533338763167,0.838168482973576,4.0714764518809,12.2162854332666,2.07344513520088,11.2816047990148,0.87284665741192,0.230777395147682,0.661991623320529,0.0678851673310578,0.829668705423699,23,26,0.0222930049935199,0.0470029387558544,0.0842922639441625,0,0.140269986304452,2.38966717757144,1.46675952993648,-0.417802037375643,-0.141178136283812,0.144983685403614,-0.126377645495181,0.00555800349198735,0.000649774725617185,0,-0.159881675416681,0,-0.168483759214313,0,0.36184615431632,0,0,-0.444532213121017
"104","Atlantic Spadefish",-45.3262330626083,-44.3178847990433,5.99603264411828,6.23244695837826,"model2",0.232448502765732,0.109289313791393,0.340223360223714,0.542527284924397,0.512974707614591,0.558547185015558,0.448220807380209,0.2997727962696,0.312946387895276,0.162122834816001,0.426434499671309,23,26,0.0331430680654448,0.160002731153142,0.855554738557166,0,4.24778119027755,3.19680383311097,0.12017720983465,-0.700308460070649,-0.011158888428092,0.227407999609162,0.0473984203912497,0.0656524332366373,-0.284051914143413,0,1.25356927908441,0,-0.959206788397794,0,0.173863113333049,0,0,-0.229256814943272
"105","Glassy Sweeper",-80.4848506960221,-84.1963981862794,18.9807984546948,19.104791490928,"model1",0.558182251178664,0.72687951491302,0.547588443743714,3.35590595582995,0.253457056832863,3.22292873466033,0.285856999157397,0.140278758207638,0.694289727446552,0.176919333041297,0.662305788771999,23,26,0.0872245228260856,1.60612590569748,1.97452639114145,0.65855034949368,2.99752172014304,1.01751258824465,0.829723439681547,-1.03590013843241,-0.322163343835197,0.304290434145231,0.0618771925901038,0.112490203475825,-1.14592172113421,0.416098001104826,-0.734309613922006,-0.742664942365584,0.153875823758626,0.50827297337425,2.1370026860676,0.786064314187873,0.786064314187873,-0.734730438167227
"106","Sand Tilefish",-87.7822714769351,-80.1319803817479,20.6795111394216,18.7698085754293,"model2",0.643708177651048,0.461089571182949,0.667130930114331,3.95228017068047,0.260857005701422,3.59818600813711,0.219308469090786,0.138547754042712,0.71686082197026,0.111653739304669,0.757681390865439,23,26,0.0554288549343514,0.133352087969426,0.251766790861784,1.48467718143189,2.4738003879812,1.10315759851336,0.806115791150836,0.454045401661412,0.39177392559518,0.39492031870612,0.141247813157971,0.0986898938108994,0.530787909902983,0.372418946527153,-0.717539780128128,-1.15803345739149,0.125384148671369,1.25326563112808,0.121612583268694,1.08433803274199,1.08433803274199,-0.939490831658821
"107","Trumpetfish",-1.59353158786038,6.81841982345688,5.2229070826864,5.83085237481575,"model2",0.0611379894881092,0.0442066295704743,0.153577248223427,0.317091105891772,0.17322944307605,0.30546005478356,0.100361824201825,0.159817092436814,0.258278051600839,0.124284609530194,0.604568925065768,23,26,0.157505717053282,1.13318260549442,0.308603651001304,0,1.19596502537034,0.600970583869173,0.529116849217146,-0.248832592137358,-0.209845426665031,0.334822930696845,0.0606920413501221,0.0373365871331705,-0.107786470350386,0,0.00719374964475974,0,-0.672252120203783,0,0.808049427649106,0,0,-0.26185417285972
